{
  "project_info": {
    "project_number": "504221955247",
    "firebase_url": "https://free-hd-sport-channels.firebaseio.com",
    "project_id": "free-hd-sport-channels",
    "storage_bucket": "free-hd-sport-channels.appspot.com"
  },
  "client": [
    {
      "client_info": {
        "mobilesdk_app_id": "1:504221955247:android:6c4ff37b5e479dd959d05a",
        "android_client_info": {
          "package_name": "com.reccakun.clientapp"
        }
      },
      "oauth_client": [
        {
          "client_id": "504221955247-qq7i9vl5632vrdgmqllbm94v96i9sj8l.apps.googleusercontent.com",
          "client_type": 1,
          "android_info": {
            "package_name": "com.reccakun.clientapp",
            "certificate_hash": "928e96d21bbdfdda8d30aadb0bc8e69df1aae315"
          }
        },
        {
          "client_id": "504221955247-8o3ng6fmt7ir3s97r2hk6h1rqvf67uk2.apps.googleusercontent.com",
          "client_type": 3
        }
      ],
      "api_key": [
        {
          "current_key": "AIzaSyCVtx0NRk7LxRBz4IlxpXdSiQbZbASUA_Q"
        }
      ],
      "services": {
        "appinvite_service": {
          "other_platform_oauth_client": [
            {
              "client_id": "504221955247-8o3ng6fmt7ir3s97r2hk6h1rqvf67uk2.apps.googleusercontent.com",
              "client_type": 3
            }
          ]
        }
      }
    }
  ],
  "configuration_version": "1"
}