{
  "project_info": {
    "project_number": "560811209919",
    "firebase_url": "https://stick1-17576.firebaseio.com",
    "project_id": "stick1-17576",
    "storage_bucket": "stick1-17576.appspot.com"
  },
  "client": [
    {
      "client_info": {
        "mobilesdk_app_id": "1:560811209919:android:5eeb666dd9dc40bd",
        "android_client_info": {
          "package_name": "com.stickers_love.wastickerapps_whatsapp_mrbean_messenger_bean_funny_emoji"
        }
      },
      "oauth_client": [
        {
          "client_id": "560811209919-dar8qsu3b620ast60bva92krv3199cu9.apps.googleusercontent.com",
          "client_type": 1,
          "android_info": {
            "package_name": "com.stickers_love.wastickerapps_whatsapp_mrbean_messenger_bean_funny_emoji",
            "certificate_hash": "928e96d21bbdfdda8d30aadb0bc8e69df1aae315"
          }
        },
        {
          "client_id": "560811209919-e5qmsjk2f6tngctbdddm02cqnmps7moh.apps.googleusercontent.com",
          "client_type": 3
        }
      ],
      "api_key": [
        {
          "current_key": "AIzaSyDsiLk5DG_669aZLYoKdXERynlIqX-gq3s"
        }
      ],
      "services": {
        "appinvite_service": {
          "other_platform_oauth_client": [
            {
              "client_id": "560811209919-e5qmsjk2f6tngctbdddm02cqnmps7moh.apps.googleusercontent.com",
              "client_type": 3
            }
          ]
        }
      }
    }
  ],
  "configuration_version": "1"
}