{
  "android_play_store_link": "https://play.google.com/store/apps/details?id=com.stickers_love.wastickerapps_whatsapp_valentine_messenger_love_romantic_emoji",
  "ios_app_store_link": "",
  "sticker_packs": [


    {"identifier":"valentine_couple",
      "name":"valentine_couple",
      "publisher":"amordemivida",
      "tray_image_file":"tray.png",
      "publisher_website": "",
      "privacy_policy_website":"",
      "license_agreement_website": "",
      "stickers":[
        {"image_file":"1.webp"},{"image_file":"10.webp"},{"image_file":"11.webp"},{"image_file":"12.webp"},{"image_file":"13.webp"},{"image_file":"14.webp"},{"image_file":"15.webp"},{"image_file":"2.webp"},{"image_file":"3.webp"},{"image_file":"4.webp"},{"image_file":"5.webp"},{"image_file":"6.webp"},{"image_file":"7.webp"},{"image_file":"8.webp"},{"image_file":"9.webp"}
      ]
    },
        {
          "identifier": "5",
          "name": "Lovely_ouple",
          "publisher": "amordemivida",
          "tray_image_file": "tray.png",
          "publisher_website": "",
          "privacy_policy_website": "",
          "license_agreement_website": "",
          "stickers": [
            {
              "image_file": "01.webp"

            },
            {
              "image_file": "02.webp"

            },
            {
              "image_file": "03.webp"

            },
            {
              "image_file": "04.webp"

            },
            {
              "image_file": "05.webp"

            },
            {
              "image_file": "06.webp"

            },
            {
              "image_file": "07.webp"

            },
            {
              "image_file": "08.webp"

            },
            {
              "image_file": "09.webp"

            },
            {
              "image_file": "10.webp"

            },
            {
              "image_file": "11.webp"

            },
            {
              "image_file": "12.webp"

            },
            {
              "image_file": "14.webp"

            },
            {
              "image_file": "15.webp"

            },
            {
              "image_file": "16.webp"

            }


          ]
        },
   {
      "identifier": "1",
      "name": "Cute_couple",
      "publisher": "amordemivida",
      "tray_image_file": "tray.png",
      "publisher_website": "",
      "privacy_policy_website": "",
      "license_agreement_website": "",
      "stickers": [
        {
          "image_file": "01.webp"

        },
        {
          "image_file": "02.webp"

        },
        {
          "image_file": "03.webp"

        },
        {
          "image_file": "04.webp"

        },
        {
          "image_file": "05.webp"

        },
        {
          "image_file": "06.webp"

        },
        {
          "image_file": "07.webp"

        },
        {
          "image_file": "08.webp"

        },
        {
          "image_file": "09.webp"

        },
        {
          "image_file": "10.webp"

        },
        {
          "image_file": "11.webp"

        },
        {
          "image_file": "12.webp"

        },
        {
          "image_file": "13.webp"

        },
        {
          "image_file": "14.webp"

        },
        {
          "image_file": "15.webp"

        },
        {
          "image_file": "16.webp"

        }

      ]
    },


  {
      "identifier": "madly_about_you_1",
      "name": "madly_about_you_1",
      "publisher": "amordemivida",
      "tray_image_file": "tray.png",
      "publisher_website": "",
      "privacy_policy_website": "",
      "license_agreement_website": "",
      "stickers": [
        {"image_file": "1.webp"},
        {"image_file": "10.webp"},
        {"image_file": "11.webp"},
        {"image_file": "12.webp"},
        {"image_file": "13.webp"},
        {"image_file": "14.webp"},
        {"image_file": "15.webp"},
        {"image_file": "16.webp"},
        {"image_file": "17.webp"},
        {"image_file": "18.webp"},
        {"image_file": "19.webp"},
        {"image_file": "2.webp"},
        {"image_file": "20.webp"},
        {"image_file": "3.webp"},
        {"image_file": "4.webp"},
        {"image_file": "5.webp"},
        {"image_file": "6.webp"},
        {"image_file": "7.webp"},
        {"image_file": "8.webp"},
        {"image_file": "9.webp"}
      ]
    },
    {
      "identifier": "4",
      "name": "Cartoon_couple",
      "publisher": "amordemivida",
      "tray_image_file": "tray.png",
      "publisher_website": "",
      "privacy_policy_website": "",
      "license_agreement_website": "",
      "stickers": [
        {
          "image_file": "01.webp"

        },
        {
          "image_file": "02.webp"

        },
        {
          "image_file": "03.webp"

        },
        {
          "image_file": "04.webp"

        },
        {
          "image_file": "05.webp"

        },
        {
          "image_file": "06.webp"

        },
        {
          "image_file": "07.webp"

        },
        {
          "image_file": "08.webp"
        },
        {
          "image_file": "09.webp"

        },
        {
          "image_file": "10.webp"

        },
        {
          "image_file": "11.webp"

        },
        {
          "image_file": "12.webp"

        },
        {
          "image_file": "13.webp"
        },
        {
          "image_file": "14.webp"

        },
        {
          "image_file": "15.webp"

        },
        {
          "image_file": "16.webp"

        }


      ]
    },
    {
      "identifier": "madly_about_you_2",
      "name": "madly_about_you_2",
      "publisher": "amordemivida",
      "tray_image_file": "tray.png",
      "publisher_website": "",
      "privacy_policy_website": "",
      "license_agreement_website": "",
      "stickers": [
        {"image_file": "21.webp"},
        {"image_file": "22.webp"},
        {"image_file": "23.webp"},
        {"image_file": "24.webp"},
        {"image_file": "25.webp"},
        {"image_file": "26.webp"},
        {"image_file": "27.webp"},
        {"image_file": "28.webp"},
        {"image_file": "29.webp"},
        {"image_file": "30.webp"},
        {"image_file": "31.webp"},
        {"image_file": "32.webp"},
        {"image_file": "33.webp"},
        {"image_file": "34.webp"},
        {"image_file": "35.webp"},
        {"image_file": "36.webp"},
        {"image_file": "37.webp"},
        {"image_file": "38.webp"},
        {"image_file": "39.webp"},
        {"image_file": "40.webp"}
      ]
    },

   

    {
      "identifier": "corazon",
      "name": "corazon",
      "publisher": "amordemivida",
      "tray_image_file": "tray.png",
      "publisher_website": "",
	   "privacy_policy_website": "",
      "license_agreement_website": "",
      "stickers": [
        {"image_file": "1.webp"},
        {"image_file": "10.webp"},
        {"image_file": "11.webp"},
        {"image_file": "12.webp"},
        {"image_file": "13.webp"},
        {"image_file": "14.webp"},
        {"image_file": "15.webp"},
        {"image_file": "16.webp"},
        {"image_file": "17.webp"},
        {"image_file": "18.webp"},
        {"image_file": "19.webp"},
        {"image_file": "2.webp"},
        {"image_file": "20.webp"},
        {"image_file": "3.webp"},
        {"image_file": "4.webp"},
        {"image_file": "5.webp"},
        {"image_file": "6.webp"},
        {"image_file": "7.webp"},
        {"image_file": "8.webp"},
        {"image_file": "9.webp"}
      ]
    },
   
   
    {
      "identifier": "couple_story",
      "name": "couple_story",
      "publisher": "amordemivida",
      "tray_image_file": "tray.png",
      "publisher_website": "",
	   "privacy_policy_website": "",
      "license_agreement_website": "",
      "stickers": [
        {"image_file": "1.webp"},
        {"image_file": "10.webp"},
        {"image_file": "11.webp"},
        {"image_file": "12.webp"},
        {"image_file": "13.webp"},
        {"image_file": "14.webp"},
        {"image_file": "15.webp"},
        {"image_file": "16.webp"},
        {"image_file": "17.webp"},
        {"image_file": "18.webp"},
        {"image_file": "19.webp"},
        {"image_file": "2.webp"},
        {"image_file": "20.webp"},
        {"image_file": "21.webp"},
        {"image_file": "22.webp"},
        {"image_file": "23.webp"},
        {"image_file": "24.webp"},
        {"image_file": "25.webp"},
        {"image_file": "26.webp"},
        {"image_file": "27.webp"},
        {"image_file": "28.webp"},
        {"image_file": "29.webp"},
        {"image_file": "3.webp"},
        {"image_file": "30.webp"},
        {"image_file": "4.webp"},
        {"image_file": "5.webp"},
        {"image_file": "6.webp"},
        {"image_file": "7.webp"},
        {"image_file": "8.webp"},
        {"image_file": "9.webp"}
      ]
    },
    {
      "identifier": "cupid_cat",
      "name": "cupid_cat",
      "publisher": "amordemivida",
      "tray_image_file": "tray.png",
      "publisher_website": "",
	   "privacy_policy_website": "",
      "license_agreement_website": "",
      "stickers": [
        {"image_file": "1.webp"},
        {"image_file": "10.webp"},
        {"image_file": "11.webp"},
        {"image_file": "12.webp"},
        {"image_file": "13.webp"},
        {"image_file": "14.webp"},
        {"image_file": "15.webp"},
        {"image_file": "16.webp"},
        {"image_file": "17.webp"},
        {"image_file": "18.webp"},
        {"image_file": "19.webp"},
        {"image_file": "2.webp"},
        {"image_file": "20.webp"},
        {"image_file": "3.webp"},
        {"image_file": "4.webp"},
        {"image_file": "5.webp"},
        {"image_file": "6.webp"},
        {"image_file": "7.webp"},
        {"image_file": "8.webp"},
        {"image_file": "9.webp"}
      ]
    },
    {
      "identifier": "cupid_dog",
      "name": "cupid_dog",
      "publisher": "amordemivida",
      "tray_image_file": "tray.png",
      "publisher_website": "",
	   "privacy_policy_website": "",
      "license_agreement_website": "",
      "stickers": [
        {"image_file": "1.webp"},
        {"image_file": "10.webp"},
        {"image_file": "11.webp"},
        {"image_file": "12.webp"},
        {"image_file": "13.webp"},
        {"image_file": "14.webp"},
        {"image_file": "15.webp"},
        {"image_file": "16.webp"},
        {"image_file": "17.webp"},
        {"image_file": "18.webp"},
        {"image_file": "19.webp"},
        {"image_file": "2.webp"},
        {"image_file": "20.webp"},
        {"image_file": "21.webp"},
        {"image_file": "22.webp"},
        {"image_file": "23.webp"},
        {"image_file": "24.webp"},
        {"image_file": "25.webp"},
        {"image_file": "3.webp"},
        {"image_file": "4.webp"},
        {"image_file": "5.webp"},
        {"image_file": "6.webp"},
        {"image_file": "7.webp"},
        {"image_file": "8.webp"},
        {"image_file": "9.webp"}
      ]
    },
	
	  {
      "identifier": "el_amor",
      "name": "el_amor",
      "publisher": "amordemivida",
      "tray_image_file": "tray.png",
      "publisher_website": "",
	   "privacy_policy_website": "",
      "license_agreement_website": "",
      "stickers": [
        {"image_file": "1.webp"},
        {"image_file": "10.webp"},
        {"image_file": "11.webp"},
        {"image_file": "12.webp"},
        {"image_file": "13.webp"},
        {"image_file": "14.webp"},
        {"image_file": "2.webp"},
        {"image_file": "3.webp"},
        {"image_file": "4.webp"},
        {"image_file": "5.webp"},
        {"image_file": "6.webp"},
        {"image_file": "7.webp"},
        {"image_file": "8.webp"},
        {"image_file": "9.webp"}
      ]
    },


	 
    {
      "identifier": "Love_Couple",
      "name": "Love_Couple",
      "publisher": "amordemivida",
      "tray_image_file": "tray.png",
      "publisher_website": "",
	   "privacy_policy_website": "",
      "license_agreement_website": "",
      "stickers": [
        {"image_file": "01_Cuppy_smile.webp"},
        {"image_file": "02_Cuppy_lol.webp"},
        {"image_file": "03_Cuppy_rofl.webp"},
        {"image_file": "04_Cuppy_sad.webp"},
        {"image_file": "05_Cuppy_cry.webp"},
        {"image_file": "06_Cuppy_love.webp"},
        {"image_file": "07_Cuppy_hate.webp"},
        {"image_file": "08_Cuppy_lovewithmug.webp"},
        {"image_file": "09_Cuppy_lovewithcookie.webp"},
        {"image_file": "10_Cuppy_hmm.webp"},
        {"image_file": "11_Cuppy_upset.webp"},
        {"image_file": "12_Cuppy_angry.webp"},
        {"image_file": "13_Cuppy_curious.webp"},
        {"image_file": "14_Cuppy_weird.webp"},
        {"image_file": "15_Cuppy_bluescreen.webp"},
        {"image_file": "16_Cuppy_angry.webp"},
        {"image_file": "17_Cuppy_tired.webp"},
        {"image_file": "18_Cuppy_workhard.webp"},
        {"image_file": "19_Cuppy_shine.webp"},
        {"image_file": "20_Cuppy_disgusting.webp"},
        {"image_file": "21_Cuppy_hi.webp"},
        {"image_file": "22_Cuppy_bye.webp"},
        {"image_file": "23_Cuppy_greentea.webp"},
        {"image_file": "24_Cuppy_phone.webp"},
        {"image_file": "25_Cuppy_battery.webp"}
      ]
    },
   
    {
      "identifier": "love_love",
      "name": "love_love",
      "publisher": "amordemivida",
      "tray_image_file": "tray.png",
      "publisher_website": "",
	   "privacy_policy_website": "",
      "license_agreement_website": "",
      "stickers": [
        {"image_file": "1.webp"},
        {"image_file": "10.webp"},
        {"image_file": "11.webp"},
        {"image_file": "12.webp"},
        {"image_file": "13.webp"},
        {"image_file": "14.webp"},
        {"image_file": "15.webp"},
        {"image_file": "16.webp"},
        {"image_file": "17.webp"},
        {"image_file": "18.webp"},
        {"image_file": "19.webp"},
        {"image_file": "2.webp"},
        {"image_file": "20.webp"},
        {"image_file": "3.webp"},
        {"image_file": "4.webp"},
        {"image_file": "5.webp"},
        {"image_file": "6.webp"},
        {"image_file": "7.webp"},
        {"image_file": "8.webp"},
        {"image_file": "9.webp"}
      ]
    },
   {
      "identifier": "love_me",
      "name": "love_me",
      "publisher": "amordemivida",
      "tray_image_file": "tray.png",
      "publisher_website": "",
	   "privacy_policy_website": "",
      "license_agreement_website": "",
      "stickers": [
        {"image_file": "1.webp"},
        {"image_file": "10.webp"},
        {"image_file": "11.webp"},
        {"image_file": "12.webp"},
        {"image_file": "13.webp"},
        {"image_file": "14.webp"},
        {"image_file": "15.webp"},
        {"image_file": "16.webp"},
        {"image_file": "17.webp"},
        {"image_file": "18.webp"},
        {"image_file": "19.webp"},
        {"image_file": "2.webp"},
        {"image_file": "3.webp"},
        {"image_file": "4.webp"},
        {"image_file": "5.webp"},
        {"image_file": "6.webp"},
        {"image_file": "7.webp"},
        {"image_file": "8.webp"},
        {"image_file": "9.webp"}
      ]
    },
	 
    {
      "identifier": "love_you",
      "name": "love_you",
      "publisher": "amordemivida",
      "tray_image_file": "tray.png",
      "publisher_website": "",
	   "privacy_policy_website": "",
      "license_agreement_website": "",
      "stickers": [
        {"image_file": "1.webp"},
        {"image_file": "10.webp"},
        {"image_file": "11.webp"},
        {"image_file": "12.webp"},
        {"image_file": "13.webp"},
        {"image_file": "14.webp"},
        {"image_file": "15.webp"},
        {"image_file": "16.webp"},
        {"image_file": "2.webp"},
        {"image_file": "3.webp"},
        {"image_file": "4.webp"},
        {"image_file": "5.webp"},
        {"image_file": "6.webp"},
        {"image_file": "7.webp"},
        {"image_file": "8.webp"},
        {"image_file": "9.webp"}
      ]
    },
   
  

   
   
   


   
   
    
    
   
    
   
    {
      "identifier": "young_lover",
      "name": "young_love",
      "publisher": "amordemivida",
      "tray_image_file": "tray.png",
      "publisher_website": "",
	   "privacy_policy_website": "",
      "license_agreement_website": "",
      "stickers": [
        {"image_file": "1.webp"},
        {"image_file": "10.webp"},
        {"image_file": "11.webp"},
        {"image_file": "12.webp"},
        {"image_file": "13.webp"},
        {"image_file": "14.webp"},
        {"image_file": "15.webp"},
        {"image_file": "16.webp"},
        {"image_file": "17.webp"},
        {"image_file": "18.webp"},
        {"image_file": "19.webp"},
        {"image_file": "2.webp"},
        {"image_file": "20.webp"},
        {"image_file": "21.webp"},
        {"image_file": "3.webp"},
        {"image_file": "4.webp"},
        {"image_file": "5.webp"},
        {"image_file": "6.webp"},
        {"image_file": "7.webp"},
        {"image_file": "8.webp"},
        {"image_file": "9.webp"}
      ]
    }
  ]
}

